<assembly xmlns="urn:schemas-microsoft-com:asm.v1" manifestVersion="1.0" xmlns:asmv3="urn:schemas-microsoft-com:asm.v3">
    <trustInfo xmlns="urn:schemas-microsoft-com:asm.v3">
        <security>
            <requestedPrivileges>
                <requestedExecutionLevel level="asInvoker" uiAccess="false" /> 
            </requestedPrivileges>
        </security>
    </trustInfo>
    <asmv3:application>
        <asmv3:windowsSettings xmlns="http://schemas.microsoft.com/SMI/2005/WindowsSettings">
            <dpiAware>true</dpiAware>
        </asmv3:windowsSettings>
    </asmv3:application>
</assembly>
